,Course Title,freshman fall,freshman spring,sophomore fall,sophomore spring,junior fall,junior spring,senior fall,senior spring
AHSE0112,AHSE0112: The Olin Conductorless Orchestra,1.0,1.0,1.0,1.0,1.0,1.0,1.0,1.0
AHSE1100,AHSE1100: History of Technology: A Cultural & Contextual Approach,-0.10696336994832274,-0.006539881305843334,-0.10197339491506119,-0.011281907864408691,-0.09746699643966815,-0.015564386456255408,-0.09339731130423949,-0.01943185169777735
AHSE1122,Wired Ensemble,0.894167845140597,0.005812617048743918,0.8941442314470113,0.005836230114645513,0.8941206190087773,0.005859841925228704,0.8940970078258281,0.005883452480560325
AHSE1135,"AHSE1135: The Digital Eye: Photography, Vision, and Visual Communication",1.4819080582190683e-06,6.5006808539528004e-06,2.3212105973500653e-06,5.80173707997462e-06,2.9032681706402288e-06,5.31701852143287e-06,3.3069259731952103e-06,4.980865472014438e-06
AHSE1145,The Human Connection,1.3227450982642304e-05,-3.132698502677247e-05,-3.5609727947707962e-06,-2.086455700139743e-05,-1.0081084607377178e-05,-1.680126902027267e-05,-1.2613297196988129e-05,-1.5223211883104347e-05
AHSE1148,AHSE1148: Dirt to Shirt: Global Garments in Context,0.14870149309751757,0.030993350641556644,0.08791349350967911,0.06038861208238411,0.07369882283399742,0.06726240236401929,0.07037486310858955,0.06886977003213865
AHSE1150,AHSE1150: What is 'I'?,0.05000666781522458,0.049986959998779945,0.050005550367143846,0.049988014086710324,0.050004556046795434,0.049988952028343824,0.05000367128716113,0.049989786621438465
AHSE1155,AHSE1155: Identity from the Mind & the Brain: Who Am I and How Do I Know,0.6834414333350782,0.016574372170347074,0.6834312183419098,0.01658458700704346,0.6834210036616831,0.01659480153080284,0.6834107892943886,0.016605015741634865
AHSE1160,AHSE1160: Democracy and Media,0.9197698262255724,0.07744400767900794,0.8455220063646952,0.14514716437901287,0.7837866256392514,0.2014408059030457,0.7324550546859643,0.24824769394931734
AHSE1170,AHSE1170: Infrastructure Studies,0.0687087931709471,0.06125865039300834,0.06634529340922718,0.06287234826634142,0.06524352861594253,0.06362458676140388,0.06472993192370582,0.0639752489038067
AHSE1199,"AHSE1199:  Arts, Humanities, Social Science Foundation: Democracy and Media",0.8474038327397033,0.0009352835783166258,0.8467778276414432,0.0015608257150367955,0.8461527481238801,0.0021854429555723254,0.8455285928184956,0.002809136667429657
AHSE1199A,"AHSE1199: AHS Foundation: Environment, Technology, & Society: Just Relations and Transformative Futures",0.4975521171587308,0.3287372312195184,0.3836093516847885,0.3657735453955297,0.3715709518615201,0.36968654466473705,0.3702990582954647,0.3700999649421451
AHSE1500,The Entrepreneurial Initiative,0.0,0.0,0.0,0.0,0.0,0.0,0.0,0.0
AHSE1515,AHSE1515: Products and Markets,1.0000000969903182,1.0000000646619374,1.0000000646619362,1.0000000646619362,1.0000000646619362,1.0000000646619362,1.0000000646619362,1.0000000646619362
AHSE2097/ENGR2097/MTH2097/SCI2097,"AHSE2097, ENGR2097, MTH2097, SCI2097:
Cross-disciplinary Research Methods",0.05000666781522458,0.049986959998779945,0.050005550367143846,0.049988014086710324,0.050004556046795434,0.049988952028343824,0.05000367128716113,0.049989786621438465
AHSE2112,AHSE2112: Six Books that Changed the World,-0.16521270009489958,-0.38148931922185014,-0.2675385190820171,-0.3275763766411199,-0.2959439147728061,-0.31261027637415567,-0.3038291827563624,-0.30845572374766106
AHSE2114,Science Fiction and Historical Context,0.16683894988749712,0.20739390735141594,0.22470049904124142,0.2320859861591804,0.23523769973437905,0.2365826751302421,0.2371566355401321,0.23740156979925267
AHSE2116,AHSE2116: Framing History through Comics,0.0687087931709471,0.06125865039300834,0.06634529340922718,0.06287234826634142,0.06524352861594253,0.06362458676140388,0.06472993192370582,0.0639752489038067
AHSE2131,Responsive Drawing and Visual Thinking,0.03927296802187326,0.26070262847036796,0.039308307419384264,0.26066729471290095,0.039343635537707505,0.26063197223282153,0.039378952380442866,0.26059666102653045
AHSE2135,AHSE2135: Digital Photography: Seeing is Believing,0.8818610664732737,0.1066187723240758,0.7793972915860362,0.19553990996954018,0.7022288608029098,0.2625089891695061,0.6441110848759182,0.3129453385870404
AHSE2141/ENGR2141,Engineering for Humanity,0.017755457753471454,0.11079392837652155,0.02105788491033668,0.10760872181725822,0.024130031650676773,0.10464562180519336,0.026987955579312703,0.10188914070478729
AHSE2150/SCI1250,AHSE2150_and_SCI1250: Six Microbes that Changed the World with Laboratory,0.051789147778688864,0.048625445760224484,0.05140291493330902,0.048964526310609546,0.051105230204977946,0.049225868924867175,0.0508757929664272,0.04942729587769431
AHSE2150_SCI1250,AHSE2150_SCI1250: Six Microbes that Changed the World with Laboratory,0.9999999999992433,1.0000000000003755,1.0000000000003755,1.0000000000003755,1.0000000000003755,1.0000000000003755,1.0000000000003755,1.0000000000003755
AHSE2155,AHSE2155: Constructing and Performing the Self,0.04313535816124657,0.15638337065931557,0.0436548888229025,0.15586622336936257,0.04416966367498397,0.15535381007148064,0.04467972625240896,0.15484608743047035
AHSE2160/SCI1260,"AHSE2160_SCI1260: The Intersection of Biology, Art and Technology with Laboratory",0.08783035921335869,0.43408283417065485,0.10194480734273154,0.4205437397510896,0.11493200145912286,0.4080859485731885,0.12688196999284296,0.3966231020767553
AHSE2170,AHSE2170: Teaching and Learning in Undergraduate Science and Engineering,0.337885928119367,0.1621194782303429,0.3377814724934095,0.1622238717797335,0.3376771409836946,0.16232814128664205,0.33757293344274497,0.1624322868984583
AHSE2199,"AHSE2199: Special Topics in Arts, Humanities, Social Sciences: Personal Values, Global Impacts, and Making an Olin GCSP",0.6865369575942863,0.6260811603635518,0.6642528205957084,0.6401513164948169,0.655368954302353,0.6457605705487106,0.651827283367407,0.6479967739531068
AHSE2199/ENGR2299,Special Topics in AHS or Design Engineering: Tell the Story of What You Make,0.049828132308448826,0.050162413875240994,0.04984444531608687,0.05014689694565401,0.04985920501639167,0.05013285752169026,0.04987255931364457,0.050120154916827045
AHSE2199/SCI1299,"Intersection of Biology, Art and Technology",0.0496066276661963,0.05036641737949399,0.049648953715617054,0.0503264492120348,0.04968669535302256,0.05029081007007256,0.04972034912448346,0.05025903106891865
AHSE2199/SCI1310,"Special Topics in AHS and Science: Chemistry in Context: Environmental Milestones, Opportunities, and the Human
Connection",2.794212085952339e-47,2.7942070877855903e-47,2.7942070877844725e-47,2.7942070877844725e-47,2.7942070877844725e-47,2.7942070877844725e-47,2.7942070877844725e-47,2.7942070877844725e-47
AHSE2199A,Special Topics in Arts Humanities Social Sciences: Constructing and Performing the Self,0.5106408293586517,0.9303849930215549,0.5106846395713827,0.930341187381454,0.5107284406393309,0.9302973908851813,0.5107722325644052,0.9302536035308281
AHSE2199A/SCI1299,"AHSE2199A: Special Topics in Arts, Humanities and Social Science: Agency, Ethics and Biological Sciences",0.4975521171587308,0.3287372312195184,0.3836093516847885,0.3657735453955297,0.3715709518615201,0.36968654466473705,0.3702990582954647,0.3700999649421451
AHSE2199A/SCI2099A,"Special Topics in AHS and Science: Paradigms, Predictions and Joules - Historical and Scientific Approach to Energy and the Environment",-9.306640797682982e-91,-9.306660904774285e-91,-9.306660904787773e-91,-9.306660904787773e-91,-9.306660904787773e-91,-9.306660904787773e-91,-9.306660904787773e-91,-9.306660904787773e-91
AHSE2199B,"AHSE2199B: Special Topics in Arts, Humanities and Social Science: Weaving the Future: New Ideologies of Making",0.8308775981863217,0.7554160961153575,0.8192244534089396,0.7652697036522149,0.8108924895189117,0.7723150037623578,0.8049351600948862,0.7773523724069193
AHSE2199C,"Special Topics in Arts, Humanities and Social Sciences: Virtualities: An Introduction to Video Gaming History and Theory",0.09422703887192686,0.06685366335141184,0.08660487917695951,0.0723534206275747,0.08263653801025875,0.07521677092188425,0.08057049213277212,0.0767075230580663
AHSE2199D/ENGR2299,"Special Topics in Arts Humanites Social Science: Tell The Story of What You Make  OR
S pecial Topics in Engineering Design: Tell The Story of What You Make",0.0496066276661963,0.05036641737949399,0.049648953715617054,0.0503264492120348,0.04968669535302256,0.05029081007007256,0.04972034912448346,0.05025903106891865
AHSE2199D/SCI2099D,"Special Topics in AHS and Science: The Intersection of Art, Biology and Technology",2.794212085952339e-47,2.7942070877855903e-47,2.7942070877844725e-47,2.7942070877844725e-47,2.7942070877844725e-47,2.7942070877844725e-47,2.7942070877844725e-47,2.7942070877844725e-47
AHSE2199E,"Special Topics in Arts, Humanities and Social Sciences: Designing the 21st Century Engineer: Leadership, Values,
Innovation",2.794212085952339e-47,2.7942070877855903e-47,2.7942070877844725e-47,2.7942070877844725e-47,2.7942070877844725e-47,2.7942070877844725e-47,2.7942070877844725e-47,2.7942070877844725e-47
AHSE2199F,"Special Topics in Arts, Humanities and Social Sciences: What's Your Story? Narrative with Purpose",2.794212085952339e-47,2.7942070877855903e-47,2.7942070877844725e-47,2.7942070877844725e-47,2.7942070877844725e-47,2.7942070877844725e-47,2.7942070877844725e-47,2.7942070877844725e-47
AHSE2515,AHSE2515: Iterate,0.9523862030671012,0.904774018509495,0.9047792541183027,0.9047792535425762,0.9047792535426394,0.9047792535426394,0.9047792535426394,0.9047792535426394
AHSE2515A,AHSE2515A: Iterate,0.01846709186488505,-0.12562910673408953,-0.11692118958190928,-0.11744742012696527,-0.1174156193436424,-0.11741754110555731,-0.11741742497103257,-0.1174174319891901
AHSE2599/ENGR3299,AHSE2599_or_ENGR3299: Environmental Consulting at Olin,0.050620886565060266,0.04943982764643093,0.050533590390180204,0.04952067145722611,0.05045872202678551,0.04959000603933285,0.05039451220493362,0.04964946988979501
AHSE2599A,Special Topics in Entrepreneurship: Iterate   (Offered in both Session I and II),0.0496066276661963,0.05036641737949399,0.049648953715617054,0.0503264492120348,0.04968669535302256,0.05029081007007256,0.04972034912448346,0.05025903106891865
AHSE2599B,Special Topics in Entrepreneurship: Iterate   (Offered in both Session I and II),0.0496066276661963,0.05036641737949399,0.049648953715617054,0.0503264492120348,0.04968669535302256,0.05029081007007256,0.04972034912448346,0.05025903106891865
AHSE3100,Issues in Leadership and Ethics,-3.142937641546597e-67,-3.143060890390503e-67,-3.143060893251072e-67,-3.143060893251139e-67,-3.143060893251139e-67,-3.143060893251139e-67,-3.143060893251139e-67,-3.143060893251139e-67
AHSE3130,Advanced Digital Photography,0.2339185681091153,0.019533978829199106,0.2335687296754833,0.01988324638723757,0.2332200320614685,0.02023137498727845,0.23287247154686955,0.020578368343452308
AHSE3190,AHSE3190: Arts Humanities Social Sciences Capstone Preparatory Workshop,1.0,1.0,1.0,1.0,1.0,1.0,1.0,1.0
AHSE3510,New Technology Ventures,2.397269430824613e-72,2.397326133167636e-72,2.3973261346022997e-72,2.397326134602336e-72,2.397326134602336e-72,2.397326134602336e-72,2.397326134602336e-72,2.397326134602336e-72
AHSE3515,Launch,0.10700100278269019,0.19616357898305098,0.1181743388626903,0.18639042047167664,0.12672278192433026,0.17891321863431237,0.1332629842645162,0.17319259645760096
AHSE3599,Special Topics in Entrepreneurship: Launch!,0.10412657750865341,-0.003182486093397968,0.06031214167955025,0.02274245631750057,0.04497238832451628,0.0318189676271016,0.039601828860711064,0.03499672039690844
AHSE4190,AHSE4190: AHS Capstone Project,1.00000011179658,1.0000000745325452,1.000000074532544,1.000000074532544,1.000000074532544,1.000000074532544,1.000000074532544,1.000000074532544
AHSE4590,Entrepreneurship Capstone,-1.4717242164027396e-07,-1.342538656846377e-07,-1.4325730031564995e-07,-1.3698246314086924e-07,-1.4135563662228574e-07,-1.3830780513823883e-07,-1.4043195520789001e-07,-1.3895155396457452e-07
AWAY1000,Study Away Program,1.0,1.0,1.0,1.0,1.0,1.0,1.0,1.0
CIE2016A,Currriculum Innovation Experiment: Quantitative Engineering Analysis I,2.794212085952339e-47,2.7942070877855903e-47,2.7942070877844725e-47,2.7942070877844725e-47,2.7942070877844725e-47,2.7942070877844725e-47,2.7942070877844725e-47,2.7942070877844725e-47
CIE2016B,Qualitative Engineering Analysis II,-6.247724695735538e-53,-5.622950032444422e-53,-5.622949892745621e-53,-5.622949892745589e-53,-5.622949892745589e-53,-5.622949892745589e-53,-5.622949892745589e-53,-5.622949892745589e-53
CIE2017A,Curriculum Innovation Experiment: Quantitative Engineering Analysis I,0.0496066276661963,0.05036641737949399,0.049648953715617054,0.0503264492120348,0.04968669535302256,0.05029081007007256,0.04972034912448346,0.05025903106891865
CIE2017B,Curriculum Innov Experiment: Quantitative Engineering Analysis II,0.04950561043567073,0.05044578875699468,0.049566082477272594,0.050389206262442095,0.04961902559949877,0.050339668428996974,0.049665377171511337,0.0502962981788544
CIE2018A,Curriculum Innov Experiment: Quantitative Engineering Analysis I,0.049828132308448826,0.050162413875240994,0.04984444531608687,0.05014689694565401,0.04985920501639167,0.05013285752169026,0.04987255931364457,0.050120154916827045
CIE2018B,Curriculum Innov Experiment: Quantitative Engineering Analysis II,0.05000666781522458,0.049986959998779945,0.050005550367143846,0.049988014086710324,0.050004556046795434,0.049988952028343824,0.05000367128716113,0.049989786621438465
CIE2019A,CIE2019A: Curriculum Innov Experiment: Quantitative Engineering Analysis I,0.05019192004669541,0.04981890530028087,0.05017258585106257,0.04983723736094623,0.05015520398244905,0.04985371828810512,0.05013957729891716,0.04986853500538393
CIE2019B,CIE2019B: Curriculum Innovation Prototype: Quantitative Engineering Analysis II,0.05020350630851005,0.049806468550517326,0.05018322612237119,0.0498257128504173,0.05016496479695218,0.049843041410447674,0.05014852135783502,0.04985864493950755
CIE2122P,CIE2122P: Social Technology Enterprise with Purpose (STEP),0.14507539694146177,0.16063684793767874,0.16953536954756973,0.17462382093047396,0.1775335556719618,0.17919743248412248,0.1801488889885839,0.18069296140624466
CIE2122S,"CIE2122S: Sustainability: Science, Society, and Systems",0.14507539694146177,0.16063684793767874,0.16953536954756973,0.17462382093047396,0.1775335556719618,0.17919743248412248,0.1801488889885839,0.18069296140624466
CIE2223,CIE2223: Curricular Innovation Experiment: Just Energy! Beginning Again,0.0687087931709471,0.06125865039300834,0.06634529340922718,0.06287234826634142,0.06524352861594253,0.06362458676140388,0.06472993192370582,0.0639752489038067
CIE2223E,CIE2223E: Curriculum Innovation Prototype: Environmental Consulting at Olin,0.9999999999992433,1.0000000000003755,1.0000000000003755,1.0000000000003755,1.0000000000003755,1.0000000000003755,1.0000000000003755,1.0000000000003755
CIE2223M,CIE2223M: Curriculum Innovation Prototype: K12 Outreach: Mathematics and Engineering for Everyone,0.9999999999992433,1.0000000000003755,1.0000000000003755,1.0000000000003755,1.0000000000003755,1.0000000000003755,1.0000000000003755,1.0000000000003755
CIE2223P,CIE2223P: Curriculum Innovation Prototype: Social Technology Enterprise with Purpose (STEP),0.9999999999992433,1.0000000000003755,1.0000000000003755,1.0000000000003755,1.0000000000003755,1.0000000000003755,1.0000000000003755,1.0000000000003755
CIE_MEE,CIE_MEE: Curriculum Innovation Prototype: K12 Outreach: Mathematics and Engineering for Everyone,0.9999999999992433,1.0000000000003755,1.0000000000003755,1.0000000000003755,1.0000000000003755,1.0000000000003755,1.0000000000003755,1.0000000000003755
CIE_STEP,CIE_STEP: Curriculum Innovation Prototype: Social Technology Enterprise with Purpose (STEP),0.9999999999992433,1.0000000000003755,1.0000000000003755,1.0000000000003755,1.0000000000003755,1.0000000000003755,1.0000000000003755,1.0000000000003755
CREDITS,Waitlist,0.3452618925752594,0.7686700349744389,0.5047806962694266,0.6692498599647152,0.5667443705827985,0.6306309686376972,0.5908136141170893,0.6156298004423871
ENGR1121,Real World Measurements,0.0,0.0,0.0,0.0,0.0,0.0,0.0,0.0
ENGR1125,"Introduction to Sensors, Instrumentation and Measurement",0.06344630618381719,0.9386937590940342,0.12099048427931325,0.8849328909889596,0.1712167805801278,0.8380087818922336,0.21505580867278318,0.7970520025073113
ENGR1199,Special Topics in Engineering: Introduction to the  Microelectronics and Nanotechnology Revolution  ,1.120032582295957e-85,1.1200357760096856e-85,1.1200357760207773e-85,1.1200357760207773e-85,1.1200357760207773e-85,1.1200357760207773e-85,1.1200357760207773e-85,1.1200357760207773e-85
ENGR1199A,Special Topics in Engineering: Linear Systems Lab,-9.306640797682982e-91,-9.306660904774285e-91,-9.306660904787773e-91,-9.306660904787773e-91,-9.306660904787773e-91,-9.306660904787773e-91,-9.306660904787773e-91,-9.306660904787773e-91
ENGR1200,Design Nature,0.9998156617006099,0.000548951057131708,0.9990832452217484,0.0012808307084447579,0.998351902004514,0.0020116378847820915,0.9976216304761805,0.0027413741577171358
ENGR1330,ENGR1330: Fundamentals of Machine Shop Operations,0.8722760999626119,0.9159524237399104,0.8867005730802183,0.9062917541370288,0.8931707253287692,0.9019584240636206,0.896072936714801,0.9000146923869362
ENGR2110,ENGR2110: Principles Integrated Engineering,0.8620054163390886,0.06093014034314559,0.8285211050533808,0.09301483397009547,0.7977775261769463,0.12247335562908512,0.7695503473627598,0.1495206607529289
ENGR2125,"The Engineer's Orchestra I: Acoustics, Waves, Vibrations",-4.482981332995901e-41,-4.0751656208200465e-41,-4.075155350675365e-41,-4.075155350416729e-41,-4.0751553504167226e-41,-4.0751553504167226e-41,-4.0751553504167226e-41,-4.0751553504167226e-41
ENGR2141/AHSE2141,ENGR2141_and_AHSE2141: Engineering for Humanity,0.571290194365154,0.4066522995097387,0.4162656509772191,0.4157043189308001,0.4157370956026406,0.4157351817439472,0.4157352934958394,0.4157352869705481
ENGR2199,"ENGR2199: Special Topics in Engineering: Engineering Systems Analysis,",-0.014312823869187863,-0.3221967399637352,-0.11519618066219683,-0.25436951616696946,-0.16079867084713237,-0.223709450861948,-0.18141244875039955,-0.209850124887987
ENGR2199A,ENGR2199A: Special Topics in Engineering: Designing with Stakeholder Groups AC Reboot,0.16598768074994708,0.19938984030943688,0.1731836005525953,0.19374415745221493,0.1776130183057781,0.19026898144102378,0.1803395275179834,0.18812985166448842
ENGR2199B,ENGR2199B: Special Topics in Engineering: Engineering Systems Analysis: Signals,0.13101875877487779,-0.061863196585307145,0.07268179921654477,-0.021170193633259546,0.04429635537798568,-0.0013698996401751706,0.030484641020361095,0.008264475160685913
ENGR2199B/MTH2188B,Special Topics in Engineering and Mathematics: Regional Analysis For Development,1.3227450982642304e-05,-3.132698502677247e-05,-3.5609727947707962e-06,-2.086455700139743e-05,-1.0081084607377178e-05,-1.680126902027267e-05,-1.2613297196988129e-05,-1.5223211883104347e-05
ENGR2199C,ENGR2199C: Special Topics in Engineering: Fabrication Lab - Mech Proto,-0.1318595247039542,-0.32013210706131223,-0.22423074984190683,-0.2730805090653032,-0.24819766021547549,-0.2608723627467999,-0.2544161854325743,-0.2577048011148523
ENGR2199D,ENGR2199D: Special Topics in Engineering: Adaptive  Recreation,0.14507539694146177,0.16063684793767874,0.16953536954756973,0.17462382093047396,0.1775335556719618,0.17919743248412248,0.1801488889885839,0.18069296140624466
ENGR2199L,Small Satellite Laboratory Working Group,0.05000666781522458,0.049986959998779945,0.050005550367143846,0.049988014086710324,0.050004556046795434,0.049988952028343824,0.05000367128716113,0.049989786621438465
ENGR2210,Principles of Engineering,4.905870351899627e-93,4.905866273876828e-93,4.905866273875004e-93,4.905866273875004e-93,4.905866273875004e-93,4.905866273875004e-93,4.905866273875004e-93,4.905866273875004e-93
ENGR2250,ENGR2250: User-Oriented Collaborative Design,1.0000001985057518,1.0000001985092455,1.0000001985092455,1.0000001985092455,1.0000001985092455,1.0000001985092455,1.0000001985092455,1.0000001985092455
ENGR2299,ENGR2299: Specials Topics in Design: Introduction to Architecture and Urbanism: Public Space as Public Sphere,0.6129744236451242,0.04445239049683092,0.6030968114016738,0.054158387186365786,0.5935594485840833,0.06353004600966161,0.5843506147816961,0.07257888374468324
ENGR2299A,"ENGR2299A: Special Topics in Engineering Design:
Building Design for Climate Change Adaptation",0.4975521171587308,0.3287372312195184,0.3836093516847885,0.3657735453955297,0.3715709518615201,0.36968654466473705,0.3702990582954647,0.3700999649421451
ENGR2320,Mechanics of Solids and Structures,0.31840479805205146,0.7500086296960917,0.39065912840298844,0.6898503185917308,0.4407464017518879,0.648148101467063,0.4754672958400696,0.619239794681388
ENGR2320L,ENGR2320: Mechanics of Solids & Structures,0.05150781477793367,0.048734373029056414,0.05121324198699364,0.04899765865515972,0.050977920453421595,0.04920798621835518,0.050789932201057944,0.049376007862736125
ENGR2330,Introduction to Mechanical Prototyping,0.007094360959594592,0.893011481836798,0.007156923668062309,0.8929489235464552,0.007219477540592267,0.8928863740914261,0.007282022578432357,0.892823833470463
ENGR2330L,ENGR2330: Introduction to Mechanical Prototyping,0.14507539694146177,0.16063684793767874,0.16953536954756973,0.17462382093047396,0.1775335556719618,0.17919743248412248,0.1801488889885839,0.18069296140624466
ENGR2340,ENGR2340: Dynamics,0.05885933451816516,0.9441944529533252,0.13687609117848587,0.8730526233043194,0.20174882035183594,0.8138965542073863,0.2556919880833811,0.764706920931627
ENGR2350,ENGR2350: Thermodynamics,-0.07708874295831027,-0.0011620273826326022,-0.07498523671509107,-0.0032072571880826517,-0.07299666883202187,-0.00514073293493357,-0.07111675892525474,-0.006968561012589677
ENGR2355,ENGR2355: Introduction to Thermodynamics,0.0687087931709471,0.06125865039300834,0.06634529340922718,0.06287234826634142,0.06524352861594253,0.06362458676140388,0.06472993192370582,0.0639752489038067
ENGR2360,ENGR2360: Introduction to Thermal-Fluid Systems,0.55,0.3287372312195184,0.5836093516847885,0.3657735453955297,0.5715709518615201,0.36968654466473705,0.5702990582954647,0.3700999649421451
ENGR2365,ENGR2365: Introduction to Transport Phenomena,0.0687087931709471,0.06125865039300834,0.06634529340922718,0.06287234826634142,0.06524352861594253,0.06362458676140388,0.06472993192370582,0.0639752489038067
ENGR2399,"ENGR2399: Special Topics in Mechanical Engineering:
Applied transport: measurement of flow and sedimentation",0.0687087931709471,0.06125865039300834,0.06634529340922718,0.06287234826634142,0.06524352861594253,0.06362458676140388,0.06472993192370582,0.0639752489038067
ENGR2410,Signals and Systems,0.05579421396492956,0.9477165743426685,0.12038256101772171,0.8878053771857991,0.17595530298362883,0.8362569222029531,0.22377088877474693,0.7919038907627556
ENGR2420,Intro Microelectronic Circuits with Lab,0.11831098889972846,0.8820968143893666,0.11870850991478699,0.8816995002686391,0.11910561724886393,0.8813025996135881,0.11950231133245726,0.88090611199394
ENGR2510,Software Design,0.08023935624062728,0.9225453876530489,0.15449446420332635,0.854836381526171,0.216234452689944,0.7985392004512515,0.2675686475071206,0.7517304702943906
ENGR2599,Special Topics in Computing: Computer Networks,0.0,0.0,0.0,0.0,0.0,0.0,0.0,0.0
ENGR2620,Biomechanics,2.794212085952339e-47,2.7942070877855903e-47,2.7942070877844725e-47,2.7942070877844725e-47,2.7942070877844725e-47,2.7942070877844725e-47,2.7942070877844725e-47,2.7942070877844725e-47
ENGR2999/SCI2399,Special Topics in Engineering: Environmental Analysis and Engineering       OR Special Topics in Science: Environmental Analysis and Engineering,0.0496066276661963,0.05036641737949399,0.049648953715617054,0.0503264492120348,0.04968669535302256,0.05029081007007256,0.04972034912448346,0.05025903106891865
ENGR2999ORSCI2399,Special Topics in Environmental Engineering and Science:  Environmental Analysis & Engineering,0.04950561043567073,0.05044578875699468,0.049566082477272594,0.050389206262442095,0.04961902559949877,0.050339668428996974,0.049665377171511337,0.0502962981788544
ENGR3110,Elecanisms,0.045747852307963126,0.07190783527391831,0.04906031985316904,0.06901480382896986,0.051587025647939364,0.06680803826322618,0.053514362923308516,0.06512474710140513
ENGR3180,ENGR3180: Renewable Energy,0.05150781477793367,0.048734373029056414,0.05121324198699364,0.04899765865515972,0.050977920453421595,0.04920798621835518,0.050789932201057944,0.049376007862736125
ENGR3199,ENGR3199: Special Topics in Engineering: Community- Centered Creation of a Mobile App for Mental Health Equity,0.52876719391148,0.3641461578073783,0.4253529957899678,0.40259601949771606,0.41105716513169605,0.4079112733172464,0.40908092997325246,0.40864604639376784
ENGR3199A,Special Topics in Engineering: Elecanisms,-9.306640797682982e-91,-9.306660904774285e-91,-9.306660904787773e-91,-9.306660904787773e-91,-9.306660904787773e-91,-9.306660904787773e-91,-9.306660904787773e-91,-9.306660904787773e-91
ENGR3210,ENGR3210: Sustainable Design,0.022392943294922793,0.5776009184758163,0.02241518223897987,0.5775786804225437,0.022437419401503678,0.5775564441507329,0.022459654782637006,0.5775342096602414
ENGR3220,Human Factors Interface Design,0.8126774445830195,0.18300128018676676,0.8089937261587784,0.1866634481979601,0.8053529824868539,0.19028289286684064,0.801754712218032,0.19386011260963965
ENGR3230,Investigating Normal: Adaptive and Assistive Technologies,-6.247724695735538e-53,-5.622950032444422e-53,-5.622949892745621e-53,-5.622949892745589e-53,-5.622949892745589e-53,-5.622949892745589e-53,-5.622949892745589e-53,-5.622949892745589e-53
ENGR3232,ENGR3232: Biomedical Device Design,0.12991639828878035,0.07747951108206719,0.12192719247237609,0.08425149343276017,0.11618697923817287,0.08911713635203772,0.11206265840687507,0.09261308182146044
ENGR3235/SCI2235,ENGR3235_or_SCI2235: Biomimicry,0.09391171209719507,0.5568318593129988,0.12814878723539164,0.5251269213502276,0.15750886215901488,0.49793828592274403,0.18268665541504764,0.47462261511851056
ENGR3240,ENGR3240: Tell the Story of What You Make,0.30543327565107137,0.7552752519378301,0.4517405374400522,0.6565531777938188,0.5183540999121078,0.6116051077325536,0.5486831939772983,0.5911402925455748
ENGR3250,Integrated Product Design,4.4460584550103206e-10,6.699403021848067e-10,4.621374511553604e-10,6.537727009590164e-10,4.770471710378426e-10,6.400229959861181e-10,4.89727113272295e-10,6.283295861721646e-10
ENGR3252,"ENGR3252: Technology, Accessibilty and Design",0.058802957332948796,0.12938164499706536,0.07235822032799172,0.1184297904946714,0.08120667403084272,0.11128076081075959,0.08698266915245192,0.10661409678502035
ENGR3260,Design for Manufacturing,0.9272335473040587,0.07043041400979289,0.8589347380702645,0.13328488350965184,0.8010906207213796,0.1865180416047827,0.7521008660037234,0.23160264964188582
ENGR3260L,Design for Manufacturing LAB,0.9432309075217344,0.055027384431669324,0.8899791614648302,0.1050864518013247,0.8429213575152301,0.14932293140264752,0.8013370513369372,0.18841407373392594
ENGR3290,Affordable Design and Entrepreneurship,1.0,1.0,1.0,1.0,1.0,1.0,1.0,1.0
ENGR3299,ENGR3299: Specials Topics in Design: Introduction to Architecture and Urbanism: Public Space as Public Sphere,-0.05251378917899546,0.6445081943926216,0.39729390035314244,0.4849739285558092,0.4538762633682423,0.46490573952081266,0.46099389136544844,0.462381315009051
ENGR3299/SCI2299,Special Topics in Design Engineering or Biological Sciences: Biomimicry,0.049828132308448826,0.050162413875240994,0.04984444531608687,0.05014689694565401,0.04985920501639167,0.05013285752169026,0.04987255931364457,0.050120154916827045
ENGR3299A,"Special Topics in Design Engineering: Technology, Accessibility and Design",0.8002192474813353,0.2837976613715604,0.5992454364481712,0.4065592639928782,0.5242584966042158,0.4523638236197703,0.4962795220390517,0.46945432779871443
ENGR3299B,Special Topics in Design Engineering: Return Design,0.049828132308448826,0.050162413875240994,0.04984444531608687,0.05014689694565401,0.04985920501639167,0.05013285752169026,0.04987255931364457,0.050120154916827045
ENGR3299C,Special Topics in Design Engineering: Quantitative Engineering Design,0.049828132308448826,0.050162413875240994,0.04984444531608687,0.05014689694565401,0.04985920501639167,0.05013285752169026,0.04987255931364457,0.050120154916827045
ENGR3310,Transport Phenomena,0.19149159738109825,0.24398887783016526,0.19613681630816604,0.23975469084029133,0.1999963414988409,0.23623667552044897,0.20320306542968833,0.2333136983774357
ENGR3330,Mechanical Design,0.5454896345790195,0.037010534009116,0.970105218660164,0.270105218668,0.9701052186608,0.170105218660,0.97010521868,0.1970105218660
ENGR3345,Mechanical and Aerospace Systems,0.13804522703490163,0.15554882205726572,0.16392958725309537,0.16794231864786818,0.1698636245036399,0.17078355056603006,0.17122401347188257,0.17143490821588836
ENGR3350,ENGR3350: Finite Element Analysis,0.5729082071644458,0.6579711649746731,0.7154293016895803,0.7542409955189245,0.7804574317632266,0.7981660515512119,0.8101278304853561,0.8182077461977264
ENGR3355,ENGR3355: Intermediate Thermodynamics,0.9999999999992433,1.0000000000003755,1.0000000000003755,1.0000000000003755,1.0000000000003755,1.0000000000003755,1.0000000000003755,1.0000000000003755
ENGR3365,ENGR3365: Intermediate Transport Phenomena,0.9999999999992433,1.0000000000003755,1.0000000000003755,1.0000000000003755,1.0000000000003755,1.0000000000003755,1.0000000000003755,1.0000000000003755
ENGR3370,ENGR3370: Controls,0.1570103292650541,0.8608620375698423,0.2769484553833932,0.7613616740185998,0.35949370323111335,0.6928823469181264,0.4163039783517925,0.645752687560464
ENGR3390,ENGR3390: Fundamentals of Robotics,0.06345030687002418,0.9387005925628563,0.12099771704356099,0.8849369051390468,0.17122646020834564,0.8380106848441827,0.21506729739469166,0.7970523678708028
ENGR3392,Robotics Systems Integration,1.1068637359756508,1.0065326721286125,1.1018793466643855,1.0112694398573525,1.0973778988209513,1.015547258371487,1.0933125998601814,1.0194105956275745
ENGR3399,ENGR3399: Special Topics in Engineering: Mechanical Analysis,0.2478579601078724,0.25924751601353213,0.24863799346385548,0.25852090458562826,0.24931484165644988,0.2578904115074504,0.24990215433007387,0.2573433219539913
ENGR3399/MTH3199,ENGR3399_MTH3199: Special Topics in Mechanical  Engineering: Mechanical Engineering Experiential  Practicum (MEEP!),0.14507539694146177,0.16063684793767874,0.16953536954756973,0.17462382093047396,0.1775335556719618,0.17919743248412248,0.1801488889885839,0.18069296140624466
ENGR3410,ENGR3410: Computer Architecture,0.9998156617006099,0.000548951057131708,0.9990832452217484,0.0012808307084447579,0.998351902004514,0.0020116378847820915,0.9976216304761805,0.0027413741577171358
ENGR3415,Digital Signal Processing,1.2540548325442029e-83,1.2540536964210048e-83,1.2540536964203172e-83,1.2540536964203172e-83,1.2540536964203172e-83,1.2540536964203172e-83,1.2540536964203172e-83,1.2540536964203172e-83
ENGR3420,ENGR3420: Introduction to Analog and Digital Communication,0.7708220257967873,0.22924367879128094,0.7707658682892973,0.22929983047566949,0.7707097224274063,0.22935597051566659,0.7706535882086994,0.22941209891368686
ENGR3426,Mixed Analog-Digital VLSI I,0.5923392072550049,0.454184862784201,0.4334285989425596,0.43031018460449383,0.42984167504718396,0.4297712863234626,0.42976071114447256,0.42975912233301583
ENGR3430,ENGR3430: Eclectronics,0.042621343106729784,0.3846917423426116,0.15599343773388585,0.30889446234092566,0.20666929121042393,0.2750140628659255,0.22932073938222508,0.2598699644423401
ENGR3440,ENGR3440: Principles of Wireless Communication,0.03297566114108382,0.366906461039345,0.033083433822206965,0.36679872314073003,0.033191136949539346,0.3666910547734581,0.03329877056796926,0.3665834558926554
ENGR3450,Semiconductor Devices,-5.167825393204493e-93,-5.167836168369343e-93,-5.167836168374161e-93,-5.167836168374161e-93,-5.167836168374161e-93,-5.167836168374161e-93,-5.167836168374161e-93,-5.167836168374161e-93
ENGR3499,ENGR3499: Special Topics in Electrical and Computer Engineering: Power Electronics,0.6995606500057383,0.3735500660196557,0.5284556286647817,0.45485147433024803,0.4898248570983865,0.47320707902179154,0.48110309954785113,0.47735126582732706
ENGR3499A,Special Topics in Electrical and Computer Engineering: Asynchronous VLSI Design,0.18410012654805008,0.21589134945730826,0.18413279088712822,0.2158587186796647,0.18416538813782038,0.21582615492147617,0.18419791843791758,0.21579365804509332
ENGR3499B,Special Topics in Electrical and Computer Engineering: Asynchronous VLSI Design,-5.589411503082542e-20,-4.471530877528376e-20,-4.4715306275717245e-20,-4.4715306275716685e-20,-4.4715306275716685e-20,-4.4715306275716685e-20,-4.4715306275716685e-20,-4.4715306275716685e-20
ENGR3515,ENGR3515: Data Structures and Algorithms,-0.27381682556741377,-0.04598201509874733,-0.1677202652981647,-0.10267225296356965,-0.1374291506662268,-0.11885760797712774,-0.12878088136026,-0.12347861023045338
ENGR3520,Foundations of Computer Science,1.026904331771547,0.9596570437818931,1.0002990402477832,0.9757363861079232,0.9905812271801558,0.9816095051013829,0.9870317118240471,0.9837547126609917
ENGR3525,ENGR3525: Software Systems,0.0045363939178566515,0.8653119995935138,0.03616744003282579,0.83484330412107,0.06551649793050895,0.8065727403136833,0.09274819922646826,0.7803417262976632
ENGR3531/MTH2131,Data Science,0.27764470732002544,0.7421723071610664,0.29362233761686746,0.7267442344577665,0.3085197550008053,0.7123592202710116,0.32240999032281786,0.6989467456779357
ENGR3533/MTH2133,ENGR3533/MTH2133: Computational Bayesian Statistics,0.05000666781522458,0.049986959998779945,0.050005550367143846,0.049988014086710324,0.050004556046795434,0.049988952028343824,0.05000367128716113,0.049989786621438465
ENGR3540,Complexity Science,0.26096295144720416,0.03906742173853783,0.2609190659033691,0.03911129860287865,0.26087519771680584,0.039155158113380606,0.26083134688064935,0.039199000276907314
ENGR3570,ENGR3570: Computer Networks,0.05000666781522458,0.049986959998779945,0.050005550367143846,0.049988014086710324,0.050004556046795434,0.049988952028343824,0.05000367128716113,0.049989786621438465
ENGR3590,ENGR3590: A Computational Introduction to Robotics,0.46669689668050807,0.13577232112515758,0.4645406137361142,0.13791455387056428,0.46241233963951467,0.14002896027200162,0.4603117105722426,0.14211590177731892
ENGR3599,Special Topics in Computing: Computer Networks,1.0000823896909228,1.0000432007094817,1.000074917008313,1.0000492484766348,1.0000700224490968,1.0000532097253594,1.0000668165441797,1.000055804317886
ENGR3599A,ENGR3599A: Special Topics in Computing: Data Structures Algorithms,-0.005986878280277441,0.6130454796445517,0.49297333122794623,0.5162634236452639,0.5117459030381938,0.5126221551401446,0.5124521907253788,0.5124851582951254
ENGR3599B,Special Topics in Computing: Game Programming,0.17650891360306892,0.21087466363526713,0.1835614094014348,0.20526947211337906,0.1880163106017057,0.20172880010838568,0.19083037037169148,0.19949223812865852
ENGR3599B/SCI3199,ENGR3599B: Special Topics in Computing: Scientific Computing,0.4975521171587308,0.3287372312195184,0.3836093516847885,0.3657735453955297,0.3715709518615201,0.36968654466473705,0.3702990582954647,0.3700999649421451
ENGR3600,ENGR3600: Topics in Bioengineering,0.10875760977059777,0.10222458017960966,0.1067949380290795,0.10359762037097114,0.10583439056349278,0.10426959737459415,0.10536429084476381,0.10459846836922279
ENGR3610,Biomedical Materials,0.04131256240349667,0.06799449169384603,0.04350562553457267,0.06598168261578652,0.04535299614935795,0.06428615260970057,0.046909165755245064,0.06285788897909862
ENGR3620,Cellular Bioengineering,0.0,0.0,0.0,0.0,0.0,0.0,0.0,0.0
ENGR3630,Transport in Biological Systems,-4.482981332995901e-41,-4.0751656208200465e-41,-4.075155350675365e-41,-4.075155350416729e-41,-4.0751553504167226e-41,-4.0751553504167226e-41,-4.0751553504167226e-41,-4.0751553504167226e-41
ENGR3640,Tissue Engineering,-9.306640797682982e-91,-9.306660904774285e-91,-9.306660904787773e-91,-9.306660904787773e-91,-9.306660904787773e-91,-9.306660904787773e-91,-9.306660904787773e-91,-9.306660904787773e-91
ENGR3699,Special Topics in Bioengineering: Biomedical Device Design,0.09999455276611566,0.09999455725225707,0.09999455725193218,0.09999455725193221,0.09999455725193221,0.09999455725193221,0.09999455725193221,0.09999455725193221
ENGR3699A/MTH2188A,"Special Topics in Bioengineering: Neurotechnology, Brains and Machines",0.04950561043567073,0.05044578875699468,0.049566082477272594,0.050389206262442095,0.04961902559949877,0.050339668428996974,0.049665377171511337,0.0502962981788544
ENGR3710,Systems,2.397269430824613e-72,2.397326133167636e-72,2.3973261346022997e-72,2.397326134602336e-72,2.397326134602336e-72,2.397326134602336e-72,2.397326134602336e-72,2.397326134602336e-72
ENGR3810,Structural Biomaterials,0.0,0.0,0.0,0.0,0.0,0.0,0.0,0.0
ENGR3820,ENGR3820: Failure Analysis and Prevention,0.0687087931709471,0.06125865039300834,0.06634529340922718,0.06287234826634142,0.06524352861594253,0.06362458676140388,0.06472993192370582,0.0639752489038067
ENGR4190,ENGR4190: SCOPE: Senior Capstone Program in Engineering,1.0,1.0,1.0,1.0,1.0,1.0,1.0,1.0
ENGR4290,ENGR4290: Affordable Design and Entrepreneurship Engineering Capstone,1.0,1.0,1.0,1.0,1.0,1.0,1.0,1.0
ENGR4599,ENGR4599: Engineering Capstone Alternative: Entrepreneurial Engineering Ca,0.9126277712381836,0.9126261341470349,0.9126261341298477,0.9126261341298475,0.9126261341298475,0.9126261341298475,0.9126261341298475,0.9126261341298475
ENGX2000,ENGX2000: Quantitative Engineering Analysis 1,0.8788545015438982,0.04816936876097555,0.8382362394045956,0.08680150745337134,0.8014931080803137,0.12174799877405929,0.7682554059136547,0.1533604669666967
ENGX2001,ENGX2001: Quantitative Engineering Analysis Ib,0.050620886565060266,0.04943982764643093,0.050533590390180204,0.04952067145722611,0.05045872202678551,0.04959000603933285,0.05039451220493362,0.04964946988979501
ENGX2005,ENGX2005: Quantitative Engineering Analysis 2,0.09178807172291148,0.9114581938098004,0.1761898443854324,0.8357473067079718,0.24410475001976895,0.7748256270938197,0.29875329899946373,0.7258042618835876
ENGX2010,ENGX2010: Quantitative Engineering Analysis 3,0.9344201224052323,0.0634544414553162,0.8731955754090999,0.12037520790432832,0.8202760551822266,0.16957474957864915,0.7745349961063732,0.21210044014768814
ENGX2134,ENGX2134: Engineering Systems Analysis (2cr),0.9999999999992433,1.0000000000003755,1.0000000000003755,1.0000000000003755,1.0000000000003755,1.0000000000003755,1.0000000000003755,1.0000000000003755
ENGX2199,ENGX2199: Environmental Consulting at Olin (ECO),0.05150781477793367,0.048734373029056414,0.05121324198699364,0.04899765865515972,0.050977920453421595,0.04920798621835518,0.050789932201057944,0.049376007862736125
ISR0077,ISR0077: Independent Study and Research: Grand Challenge Scholars Program: GCSP Seminar,0.05020350630851005,0.049806468550517326,0.05018322612237119,0.0498257128504173,0.05016496479695218,0.049843041410447674,0.05014852135783502,0.04985864493950755
MTH1111/SCI1111,Modeling and Simulation of the Physical World,0.9998156617006099,0.000548951057131708,0.9990832452217484,0.0012808307084447579,0.998351902004514,0.0020116378847820915,0.9976216304761805,0.0027413741577171358
MTH1111/SCI1112,MTH1111_SCI1111: Modeling and Simulation of the Physical World,0.4975521171587308,0.3287372312195184,0.3836093516847885,0.3657735453955297,0.3715709518615201,0.36968654466473705,0.3702990582954647,0.3700999649421451
MTH1199/ENGR1199,MTH1199_or_ENGR1199: Service Learning: Mathematics/Engineering Outreach for Adolescent Learners,0.051789147778688864,0.048625445760224484,0.05140291493330902,0.048964526310609546,0.051105230204977946,0.049225868924867175,0.0508757929664272,0.04942729587769431
MTH2110,MTH2110: Discrete Math (Experimental Grading),0.9948004286591527,0.10525599100229266,0.9947793166238564,0.10527710253652578,0.9947582055906747,0.10529821306866805,0.9947370955595601,0.10531932259876697
MTH2130,Probability and Statistics,0.10824544702614303,0.2057083831218831,0.12286360582436762,0.1932827559178247,0.13342555234207734,0.18430496249050177,0.14105679481130742,0.17781830604249907
MTH2131/ENGR3531,Data Science,0.17110079590131194,0.1386196524404541,0.1592527211929667,0.14614593119775177,0.15447178645657003,0.1491829349669147,0.15254258382100727,0.1504084266330275
MTH2132/SCI2032,Bayesian Inference and Reasoning,-0.0038615989119994646,0.0005853566344218393,-0.0030210418412789063,-9.631956111054397e-05,-0.0024682150889476693,-0.0005446518046245165,-0.002104625954147916,-0.0008395158498876653
MTH2133,Computational Bayesian Statistics,-6.247724695735538e-53,-5.622950032444422e-53,-5.622949892745621e-53,-5.622949892745589e-53,-5.622949892745589e-53,-5.622949892745589e-53,-5.622949892745589e-53,-5.622949892745589e-53
MTH2135/ENGR3635,"MTH2135_and_ENGR3635: Neurotechnology, Brains and Machines",0.5609783815439279,0.31072197855425226,0.4175001580296848,0.3719405660437085,0.39137971018463485,0.383085511126662,0.3866244394619091,0.3851144668081932
MTH2136/SCI2136,MTH2136 / SCI2136: Astronomy and Statistics: AstroStats,0.33909163857955693,0.5799536931770102,0.4627546958603094,0.5197815488239114,0.492033342496306,0.5055351037611402,0.4989653977736501,0.5021620945538307
MTH2188,Special Topics in Mathematics: Linearity 1,0.0,0.0,0.0,0.0,0.0,0.0,0.0,0.0
MTH2188/SCI2099,MTH2188_SCI2099: Designated Alternative in Mathematics/Special Topics in Science: Decision Making in Sustainable Systems,0.14507539694146177,0.16063684793767874,0.16953536954756973,0.17462382093047396,0.1775335556719618,0.17919743248412248,0.1801488889885839,0.18069296140624466
MTH2188A,Designated Alternative in Mathematics:  Computational Bayesian Statistics,-2.7043654947056705e-110,-2.704363208466253e-110,-2.704363208465231e-110,-2.704363208465231e-110,-2.704363208465231e-110,-2.704363208465231e-110,-2.704363208465231e-110,-2.704363208465231e-110
MTH2188A/ENGR2199A,"Designated Alternative in Engineering and Mathematics:
Data Science",-9.306640797682982e-91,-9.306660904774285e-91,-9.306660904787773e-91,-9.306660904787773e-91,-9.306660904787773e-91,-9.306660904787773e-91,-9.306660904787773e-91,-9.306660904787773e-91
MTH2188A/ENGR3599A,MTH2188A / ENGR3599A: Machine Learning,0.14651365896415441,0.05893493924829615,0.13902923886942548,0.06577974569788247,0.13276938510128988,0.07150463645806016,0.1275337397603718,0.07629284697319438
MTH2188A/SCI2099A,MTH2188A_and_SCI2099A: Decision-Making in Sustainable Systems,0.050461319572637775,0.04957910851630813,0.05040801549177536,0.04962919191090029,0.05036095818634411,0.04967340596652653,0.050319415588505036,0.04971243851874947
MTH2188A/SCI2199A,MTH2188A / SCI2199A: Astronomy and Statistics,0.05019192004669541,0.04981890530028087,0.05017258585106257,0.04983723736094623,0.05015520398244905,0.04985371828810512,0.05013957729891716,0.04986853500538393
MTH2199,Special Topics in Mathematics:  A Mathematical Introduction to Cryptography,-3.971832266306888e-09,-1.3392466714299857e-09,-3.623827989132281e-09,-1.6412478947371333e-09,-3.361748627293712e-09,-1.868682708244016e-09,-3.164378662592821e-09,-2.0399621283353133e-09
MTH2199A,Special Topics in Mathematics:  Structure in Randomness: A Mathematical Perspective,-3.971832266306888e-09,-1.3392466714299857e-09,-3.623827989132281e-09,-1.6412478947371333e-09,-3.361748627293712e-09,-1.868682708244016e-09,-3.164378662592821e-09,-2.0399621283353133e-09
MTH2199B,Special Topics in Mathematics: The Logic of Logicomix,0.0,0.0,0.0,0.0,0.0,0.0,0.0,0.0
MTH2199C/ENGR2199C,Special Topics in Mathematics & Engineering: Data Science,0.0,0.0,0.0,0.0,0.0,0.0,0.0,0.0
MTH2210,Linearity I,-6.208673244156945e-05,9.103130256111978e-06,-5.07186066311683e-05,-4.496488245178031e-07,-4.2691286236822854e-05,-7.19510710106638e-06,-3.702299281817354e-05,-1.19582453435199e-05
MTH2220,Linearity II,2.3528190369127438e-07,4.3937166501563226e-08,2.2452772983797394e-07,5.408692208360311e-08,2.1494842232626451e-07,6.312784249416632e-08,2.0641562997460187e-07,7.118106517617606e-08
MTH3120,MTH3120: Partial Differential Equations,1.0000001985057518,1.0000001985092455,1.0000001985092455,1.0000001985092455,1.0000001985092455,1.0000001985092455,1.0000001985092455,1.0000001985092455
MTH3150,Numerical Methods and Scientific Computing,1.6353522303943328e-48,1.6353485739101992e-48,1.635348573909109e-48,1.635348573909109e-48,1.635348573909109e-48,1.635348573909109e-48,1.635348573909109e-48,1.635348573909109e-48
MTH3160,Introduction to Complex Variables,-6.2411724820773145e-52,-5.617038500514859e-52,-5.617038314438008e-52,-5.617038314437952e-52,-5.617038314437952e-52,-5.617038314437952e-52,-5.617038314437952e-52,-5.617038314437952e-52
MTH3170,Nonlinear Dynamics and Chaos,-1.3970248883424371e-59,-1.2573212006710738e-59,-1.2573211694335113e-59,-1.2573211694335042e-59,-1.2573211694335042e-59,-1.2573211694335042e-59,-1.2573211694335042e-59,-1.2573211694335042e-59
MTH3199,Special Topics in Mathematics: Nonlinear Systems Laboratory,0.06945905401925989,0.12432153799285865,0.0754209676619027,0.1190075063217911,0.08015752278392413,0.11478567329318964,0.08392056863944951,0.11143155814584627
OIE1000,OIE1000: Olin First Year Introduction (OFYI),0.9998156617006099,0.000548951057131708,0.9990832452217484,0.0012808307084447579,0.998351902004514,0.0020116378847820915,0.9976216304761805,0.0027413741577171358
OIP1000,The Olin Internship Practicum,1.0,1.0,1.0,1.0,1.0,1.0,1.0,1.0
OIP1001,The Olin Internship Practicum II,1.095694036008804,1.0474364649189354,1.04788806384539,1.0478838377398119,1.0478838772881087,1.047883876918012,1.0478838769214756,1.0478838769214431
SCI1121,Electricity and Magnetism,0.019080426971170263,0.0066708895430045816,0.018065527488292425,0.007602786660459198,0.017209844485028186,0.008388488631590103,0.01648840022928859,0.009050930413924572
SCI1121A/MTH2220A,Electricity and Magnetism: Project Based Approach w/ Vector Calculus,-4.482981332995901e-41,-4.0751656208200465e-41,-4.075155350675365e-41,-4.075155350416729e-41,-4.0751553504167226e-41,-4.0751553504167226e-41,-4.0751553504167226e-41,-4.0751553504167226e-41
SCI1130,Mechanics: Theoretical / Experimental Approach,-8.557777004636322e-07,1.3858005759275483e-07,-8.030106311447809e-07,8.861315107440596e-08,-7.556952926345662e-07,4.3808671183018213e-08,-7.132684289251501e-07,3.633251926262901e-09
SCI1199,Special Topics in Physics Foundation: Physics of Conservation Laws: Energy Focused,0.23460178249708163,0.08019043311673746,0.20650007485162716,0.10317784070743753,0.1876962030582186,0.1185595488460271,0.17511385045232136,0.1288520076336144
SCI1210,Principles of Modern Biology (with Lab): Human Genetics and Genomics,3.9491564733952715e-06,1.8474133171190668e-06,3.3136659073347112e-06,2.290754686287512e-06,3.0043748177209263e-06,2.5065274175665925e-06,2.853843899996231e-06,2.6115432694618503e-06
SCI1210A/AHSE2199A,Special Topics in AHS and Science: 6 Microbes that Changed the World,1.3227450982642304e-05,-3.132698502677247e-05,-3.5609727947707962e-06,-2.086455700139743e-05,-1.0081084607377178e-05,-1.680126902027267e-05,-1.2613297196988129e-05,-1.5223211883104347e-05
SCI1210L,Principles of Modern Biology LAB,0.049828132308448826,0.050162413875240994,0.04984444531608687,0.05014689694565401,0.04985920501639167,0.05013285752169026,0.04987255931364457,0.050120154916827045
SCI1230,SCI1230: Think Like a Biologist w/ laboratory,0.2632194684882464,0.1659638279031058,0.2274886265506773,0.18856748196872938,0.21318935036762235,0.1976133335273164,0.20746686278346346,0.20123343097626986
SCI1230L,Lab:  Think Like a Biologist,0.04950561043567073,0.05044578875699468,0.049566082477272594,0.050389206262442095,0.04961902559949877,0.050339668428996974,0.049665377171511337,0.0502962981788544
SCI1240,SCI1240: Designing Better Drugs with Laboratory,0.000938304355495356,0.00020084021956361337,0.000842436099161555,0.0002842458731419984,0.0007698729451534553,0.0003473760219232765,0.000714949537542184,0.00039515954155484184
SCI1250/AHSE2150,SCI1250_and_AHSE2150: Six Microbes that Changed the World with Laboratory,0.15773191896341843,0.2172929845177486,0.1930672330825643,0.20292076788986202,0.19891296039384287,0.20054308818445574,0.19988005319179009,0.2001497347492917
SCI1260/AHSE2160,"SCI1260_AHSE2160: The Intersection of Biology, Art and Technology",0.9999999999992433,1.0000000000003755,1.0000000000003755,1.0000000000003755,1.0000000000003755,1.0000000000003755,1.0000000000003755,1.0000000000003755
SCI1270,"SCI1270: Biomes, Climate Change, and Biodiversity (BCB)",0.8818610664732737,0.1066187723240758,0.7793972915860362,0.19553990996954018,0.7022288608029098,0.2625089891695061,0.6441110848759182,0.3129453385870404
SCI1299,"SCI1299: Foundation Biology Topics w/ lab: Biomes, Climate Change, and Biodiversity (BCB)",0.12986826718313793,0.07906235908998951,0.11948660073653956,0.08732263843312696,0.11291422479115175,0.09255201673537523,0.10875341633234539,0.09586260664305725
SCI1299/AHSE2199A,"SCI1299: Special Topics in Biological Foundations: Agency, Ethics and Biological Sciences",0.4975521171587308,0.3287372312195184,0.3836093516847885,0.3657735453955297,0.3715709518615201,0.36968654466473705,0.3702990582954647,0.3700999649421451
SCI1310,Introduction to Chemistry (with Lab),-0.012855037772478565,-0.0076352919587371944,-0.007940098680300633,-0.00792229951137067,-0.007923338892697212,-0.007923278198091402,-0.00792328174234901,-0.007923281535382314
SCI1320,SCI1320: Paper Panacea: Part I with Laboratory,0.3452618925752594,0.7686700349744389,0.5047806962694266,0.6692498599647152,0.5667443705827985,0.6306309686376972,0.5908136141170893,0.6156298004423871
SCI1399,"SCI1399: Special Topics in Chemistry: Paper Panacea, Part I",0.11590388957210411,0.1470382366972687,0.14681384692390764,0.1468154641336788,0.14681545247821248,0.14681545256221512,0.1468154525616097,0.14681545256161405
SCI1410,Materials Science and Solid State Chemistry (with laboratory): Environmental and Societal Impacts,0.6608807389168082,0.3721476909540349,0.56239564017786,0.43704011735410037,0.5196376284785474,0.4652136295172503,0.5010739311488159,0.47744536181084124
SCI1420,"SCI1420: Metals, Mining, and the Environment",0.43532132349809616,0.3602674918178522,0.3667076533440573,0.36615504091168594,0.3662024590547199,0.366198390235133,0.3661987393692781,0.3661987094110436
SCI1440,"SCI1440 Materials Creation, Consumption, and Impact",0.9017772577954374,1.071111368388709,0.9439147526650726,1.0394594659827996,0.9676903218822912,1.0216002648405258,0.981105397774952,1.0115234277092244
SCI2050,Art of Approximation in Science and Engineering,0.09884611926311286,0.05102012423142044,0.07429736951952116,0.06296817191802102,0.06848217139284071,0.06579846939753912,0.06710464587297689,0.0664689206739891
SCI2130,Quantum Physics,6.197700828137903e-08,-5.477224565303286e-09,5.7933560918055376e-08,-1.6761558621465969e-09,5.436034183347673e-08,1.6828717228569753e-09,5.120266634542436e-08,4.651264876983507e-09
SCI2140,Relativity,0.023295213040215673,0.09740747893090511,0.02640174467880843,0.09443116242884335,0.02925330421562293,0.09169913047378583,0.03187081877461875,0.08919133313493263
SCI2145,High Energy Astrophyics,-9.306640797682982e-91,-9.306660904774285e-91,-9.306660904787773e-91,-9.306660904787773e-91,-9.306660904787773e-91,-9.306660904787773e-91,-9.306660904787773e-91,-9.306660904787773e-91
SCI2210,Immunology,0.1395555175537565,0.1113182478569411,0.09498488350602387,0.08553712903527555,0.08007223750271555,0.07691116472556912,0.07508269639406039,0.07402505024826414
SCI2214,Microbial Diversity,0.2582360110220886,0.06835179597676286,0.23201827634567296,0.0909495898834897,0.2125406099586426,0.10773793167695654,0.19807027174800665,0.120210318200066
SCI2215,"Emerging Technologies in Cancer Research, Diagnosis and Treatment with Laboratory",0.04950561043567073,0.05044578875699468,0.049566082477272594,0.050389206262442095,0.04961902559949877,0.050339668428996974,0.049665377171511337,0.0502962981788544
SCI2220,,2.794212085952339e-47,2.7942070877855903e-47,2.7942070877844725e-47,2.7942070877844725e-47,2.7942070877844725e-47,2.7942070877844725e-47,2.7942070877844725e-47,2.7942070877844725e-47
SCI2299,Special Topics in Biological Sciences: Quantitative Biology,0.14876724647805126,0.21661150925368788,0.20564365800063877,0.20741674471700308,0.20713010365749077,0.20717644267534027,0.20716895140881023,0.2071701624632699
SCI2320,Organic Chemistry w/ Lab,0.0,0.0,0.0,0.0,0.0,0.0,0.0,0.0
SCI3130,Advanced Classical Mechanics,-9.306640797682982e-91,-9.306660904774285e-91,-9.306660904787773e-91,-9.306660904787773e-91,-9.306660904787773e-91,-9.306660904787773e-91,-9.306660904787773e-91,-9.306660904787773e-91
SCI3199/ENGR3599B,SCI3199: Special Topics in Physics: Scientific Computing,0.4975521171587308,0.3287372312195184,0.3836093516847885,0.3657735453955297,0.3715709518615201,0.36968654466473705,0.3702990582954647,0.3700999649421451
SCI3320,Organic Chemistry II (with lab),0.0,0.0,0.0,0.0,0.0,0.0,0.0,0.0
SEM101,Seminar:  Product Management,-9.306640797682982e-91,-9.306660904774285e-91,-9.306660904787773e-91,-9.306660904787773e-91,-9.306660904787773e-91,-9.306660904787773e-91,-9.306660904787773e-91,-9.306660904787773e-91
SEM102,Seminar:  Olin Workshop on the Library,-9.306640797682982e-91,-9.306660904774285e-91,-9.306660904787773e-91,-9.306660904787773e-91,-9.306660904787773e-91,-9.306660904787773e-91,-9.306660904787773e-91,-9.306660904787773e-91
SEM103,Seminar:  Big Ideas in Pedagogy and Educational Technology Trends,-9.306640797682982e-91,-9.306660904774285e-91,-9.306660904787773e-91,-9.306660904787773e-91,-9.306660904787773e-91,-9.306660904787773e-91,-9.306660904787773e-91,-9.306660904787773e-91
SEM104,"Work, Play, Balance",-4.482981332995901e-41,-4.0751656208200465e-41,-4.075155350675365e-41,-4.075155350416729e-41,-4.0751553504167226e-41,-4.0751553504167226e-41,-4.0751553504167226e-41,-4.0751553504167226e-41
SEM105,Industrial Media Super-Taster,2.794212085952339e-47,2.7942070877855903e-47,2.7942070877844725e-47,2.7942070877844725e-47,2.7942070877844725e-47,2.7942070877844725e-47,2.7942070877844725e-47,2.7942070877844725e-47
SEM106,What's It Worth? - Valuing Your Startup or Project Idea,0.0496066276661963,0.05036641737949399,0.049648953715617054,0.0503264492120348,0.04968669535302256,0.05029081007007256,0.04972034912448346,0.05025903106891865
SEM201,An Introduction to Product Design and Engineering in a Large(r) Corporate Environment,2.794212085952339e-47,2.7942070877855903e-47,2.7942070877844725e-47,2.7942070877844725e-47,2.7942070877844725e-47,2.7942070877844725e-47,2.7942070877844725e-47,2.7942070877844725e-47
SEM301,Seminar: Fundamentals of Mechanical Design,0.0,0.0,0.0,0.0,0.0,0.0,0.0,0.0
SEM302,Seminar: Introduction to Pneumatic and Hydraulic Systems,0.0,0.0,0.0,0.0,0.0,0.0,0.0,0.0
SEM303,Musical Instrument Design and Engineering,-4.482981332995901e-41,-4.0751656208200465e-41,-4.075155350675365e-41,-4.075155350416729e-41,-4.0751553504167226e-41,-4.0751553504167226e-41,-4.0751553504167226e-41,-4.0751553504167226e-41
SEM401,Seminar: Introductory Power Supplies,0.0,0.0,0.0,0.0,0.0,0.0,0.0,0.0
SEM502,Data Dashboard Design,-4.482981332995901e-41,-4.0751656208200465e-41,-4.075155350675365e-41,-4.075155350416729e-41,-4.0751553504167226e-41,-4.0751553504167226e-41,-4.0751553504167226e-41,-4.0751553504167226e-41
SEM503,Introduction to Embedded Software,2.794212085952339e-47,2.7942070877855903e-47,2.7942070877844725e-47,2.7942070877844725e-47,2.7942070877844725e-47,2.7942070877844725e-47,2.7942070877844725e-47,2.7942070877844725e-47
SEM504,"Working the Data Science Process with Python… or Dirty Data, Done Dirt Cheap (D4C)",0.0496066276661963,0.05036641737949399,0.049648953715617054,0.0503264492120348,0.04968669535302256,0.05029081007007256,0.04972034912448346,0.05025903106891865
SUST2201,Introduction to Sustainability,-0.1478353733448204,-0.0042426377206107035,-0.03526396381962446,-0.0285622134228648,-0.03001003864597466,-0.029697255006988846,-0.029764827807390173,-0.029750229590651975
SUST3301,SUST3301: Sustainability Synthesis,0.171976696853313,0.2020284736899853,0.17391182777315714,0.20021795209681387,0.1756057640364483,0.198633093857666,0.17708856813753923,0.19724577229924425
